date_key,date,year,quarter,month,day,iso_weekday,is_weekend,is_campaign_day,is_monsoon_context
20250401,2025-04-01,2025,2,4,1,2,False,False,False
20250402,2025-04-02,2025,2,4,2,3,False,False,False
20250403,2025-04-03,2025,2,4,3,4,False,False,False
20250404,2025-04-04,2025,2,4,4,5,False,True,False
20250405,2025-04-05,2025,2,4,5,6,True,False,False
20250406,2025-04-06,2025,2,4,6,7,True,False,False
20250407,2025-04-07,2025,2,4,7,1,False,False,False
20250408,2025-04-08,2025,2,4,8,2,False,False,False
20250409,2025-04-09,2025,2,4,9,3,False,False,False
20250410,2025-04-10,2025,2,4,10,4,False,False,False
20250411,2025-04-11,2025,2,4,11,5,False,False,False
20250412,2025-04-12,2025,2,4,12,6,True,True,False
20250413,2025-04-13,2025,2,4,13,7,True,True,False
20250414,2025-04-14,2025,2,4,14,1,False,True,False
20250415,2025-04-15,2025,2,4,15,2,False,True,False
20250416,2025-04-16,2025,2,4,16,3,False,True,False
20250417,2025-04-17,2025,2,4,17,4,False,False,False
20250418,2025-04-18,2025,2,4,18,5,False,False,False
20250419,2025-04-19,2025,2,4,19,6,True,False,False
20250420,2025-04-20,2025,2,4,20,7,True,False,False
20250421,2025-04-21,2025,2,4,21,1,False,False,False
20250422,2025-04-22,2025,2,4,22,2,False,False,False
20250423,2025-04-23,2025,2,4,23,3,False,False,False
20250424,2025-04-24,2025,2,4,24,4,False,False,False
20250425,2025-04-25,2025,2,4,25,5,False,False,False
20250426,2025-04-26,2025,2,4,26,6,True,False,False
20250427,2025-04-27,2025,2,4,27,7,True,False,False
20250428,2025-04-28,2025,2,4,28,1,False,False,False
20250429,2025-04-29,2025,2,4,29,2,False,False,False
20250430,2025-04-30,2025,2,4,30,3,False,False,False
20250501,2025-05-01,2025,2,5,1,4,False,False,False
20250502,2025-05-02,2025,2,5,2,5,False,False,False
20250503,2025-05-03,2025,2,5,3,6,True,False,False
20250504,2025-05-04,2025,2,5,4,7,True,False,False
20250505,2025-05-05,2025,2,5,5,1,False,True,False
20250506,2025-05-06,2025,2,5,6,2,False,False,False
20250507,2025-05-07,2025,2,5,7,3,False,False,False
20250508,2025-05-08,2025,2,5,8,4,False,False,False
20250509,2025-05-09,2025,2,5,9,5,False,False,False
20250510,2025-05-10,2025,2,5,10,6,True,False,False
20250511,2025-05-11,2025,2,5,11,7,True,False,False
20250512,2025-05-12,2025,2,5,12,1,False,False,False
20250513,2025-05-13,2025,2,5,13,2,False,False,False
20250514,2025-05-14,2025,2,5,14,3,False,False,False
20250515,2025-05-15,2025,2,5,15,4,False,False,True
20250516,2025-05-16,2025,2,5,16,5,False,False,True
20250517,2025-05-17,2025,2,5,17,6,True,False,True
20250518,2025-05-18,2025,2,5,18,7,True,False,True
20250519,2025-05-19,2025,2,5,19,1,False,False,True
20250520,2025-05-20,2025,2,5,20,2,False,False,True
20250521,2025-05-21,2025,2,5,21,3,False,False,True
20250522,2025-05-22,2025,2,5,22,4,False,False,True
20250523,2025-05-23,2025,2,5,23,5,False,False,True
20250524,2025-05-24,2025,2,5,24,6,True,False,True
20250525,2025-05-25,2025,2,5,25,7,True,False,True
20250526,2025-05-26,2025,2,5,26,1,False,False,True
20250527,2025-05-27,2025,2,5,27,2,False,False,True
20250528,2025-05-28,2025,2,5,28,3,False,False,True
20250529,2025-05-29,2025,2,5,29,4,False,False,True
20250530,2025-05-30,2025,2,5,30,5,False,False,True
20250531,2025-05-31,2025,2,5,31,6,True,False,True
20250601,2025-06-01,2025,2,6,1,7,True,False,True
20250602,2025-06-02,2025,2,6,2,1,False,False,True
20250603,2025-06-03,2025,2,6,3,2,False,False,True
20250604,2025-06-04,2025,2,6,4,3,False,False,True
20250605,2025-06-05,2025,2,6,5,4,False,False,True
20250606,2025-06-06,2025,2,6,6,5,False,True,True
20250607,2025-06-07,2025,2,6,7,6,True,False,True
20250608,2025-06-08,2025,2,6,8,7,True,False,True
20250609,2025-06-09,2025,2,6,9,1,False,False,True
20250610,2025-06-10,2025,2,6,10,2,False,False,True
20250611,2025-06-11,2025,2,6,11,3,False,False,True
20250612,2025-06-12,2025,2,6,12,4,False,False,True
20250613,2025-06-13,2025,2,6,13,5,False,False,True
20250614,2025-06-14,2025,2,6,14,6,True,False,True
20250615,2025-06-15,2025,2,6,15,7,True,False,True
20250616,2025-06-16,2025,2,6,16,1,False,False,True
20250617,2025-06-17,2025,2,6,17,2,False,False,True
20250618,2025-06-18,2025,2,6,18,3,False,False,True
20250619,2025-06-19,2025,2,6,19,4,False,False,True
20250620,2025-06-20,2025,2,6,20,5,False,False,True
20250621,2025-06-21,2025,2,6,21,6,True,False,True
20250622,2025-06-22,2025,2,6,22,7,True,False,True
20250623,2025-06-23,2025,2,6,23,1,False,False,True
20250624,2025-06-24,2025,2,6,24,2,False,False,True
20250625,2025-06-25,2025,2,6,25,3,False,False,True
20250626,2025-06-26,2025,2,6,26,4,False,False,True
20250627,2025-06-27,2025,2,6,27,5,False,False,True
20250628,2025-06-28,2025,2,6,28,6,True,False,True
20250629,2025-06-29,2025,2,6,29,7,True,False,True
20250630,2025-06-30,2025,2,6,30,1,False,False,True
20250701,2025-07-01,2025,3,7,1,2,False,False,True
20250702,2025-07-02,2025,3,7,2,3,False,False,True
20250703,2025-07-03,2025,3,7,3,4,False,False,True
20250704,2025-07-04,2025,3,7,4,5,False,False,True
20250705,2025-07-05,2025,3,7,5,6,True,False,True
20250706,2025-07-06,2025,3,7,6,7,True,False,True
20250707,2025-07-07,2025,3,7,7,1,False,True,True
20250708,2025-07-08,2025,3,7,8,2,False,False,True
20250709,2025-07-09,2025,3,7,9,3,False,False,True
20250710,2025-07-10,2025,3,7,10,4,False,False,True
20250711,2025-07-11,2025,3,7,11,5,False,False,True
20250712,2025-07-12,2025,3,7,12,6,True,False,True
20250713,2025-07-13,2025,3,7,13,7,True,False,True
20250714,2025-07-14,2025,3,7,14,1,False,False,True
20250715,2025-07-15,2025,3,7,15,2,False,False,True
20250716,2025-07-16,2025,3,7,16,3,False,False,True
20250717,2025-07-17,2025,3,7,17,4,False,False,True
20250718,2025-07-18,2025,3,7,18,5,False,False,True
20250719,2025-07-19,2025,3,7,19,6,True,False,True
20250720,2025-07-20,2025,3,7,20,7,True,False,True
20250721,2025-07-21,2025,3,7,21,1,False,False,True
20250722,2025-07-22,2025,3,7,22,2,False,False,True
20250723,2025-07-23,2025,3,7,23,3,False,False,True
20250724,2025-07-24,2025,3,7,24,4,False,False,True
20250725,2025-07-25,2025,3,7,25,5,False,False,True
20250726,2025-07-26,2025,3,7,26,6,True,False,True
20250727,2025-07-27,2025,3,7,27,7,True,False,True
20250728,2025-07-28,2025,3,7,28,1,False,False,True
20250729,2025-07-29,2025,3,7,29,2,False,False,True
20250730,2025-07-30,2025,3,7,30,3,False,False,True
20250731,2025-07-31,2025,3,7,31,4,False,False,True
20250801,2025-08-01,2025,3,8,1,5,False,False,True
20250802,2025-08-02,2025,3,8,2,6,True,False,True
20250803,2025-08-03,2025,3,8,3,7,True,False,True
20250804,2025-08-04,2025,3,8,4,1,False,False,True
20250805,2025-08-05,2025,3,8,5,2,False,False,True
20250806,2025-08-06,2025,3,8,6,3,False,False,True
20250807,2025-08-07,2025,3,8,7,4,False,False,True
20250808,2025-08-08,2025,3,8,8,5,False,True,True
20250809,2025-08-09,2025,3,8,9,6,True,False,True
20250810,2025-08-10,2025,3,8,10,7,True,False,True
20250811,2025-08-11,2025,3,8,11,1,False,False,True
20250812,2025-08-12,2025,3,8,12,2,False,False,True
20250813,2025-08-13,2025,3,8,13,3,False,False,True
20250814,2025-08-14,2025,3,8,14,4,False,False,True
20250815,2025-08-15,2025,3,8,15,5,False,False,True
20250816,2025-08-16,2025,3,8,16,6,True,False,True
20250817,2025-08-17,2025,3,8,17,7,True,False,True
20250818,2025-08-18,2025,3,8,18,1,False,False,True
20250819,2025-08-19,2025,3,8,19,2,False,False,True
20250820,2025-08-20,2025,3,8,20,3,False,False,True
20250821,2025-08-21,2025,3,8,21,4,False,False,True
20250822,2025-08-22,2025,3,8,22,5,False,False,True
20250823,2025-08-23,2025,3,8,23,6,True,False,True
20250824,2025-08-24,2025,3,8,24,7,True,False,True
20250825,2025-08-25,2025,3,8,25,1,False,False,True
20250826,2025-08-26,2025,3,8,26,2,False,False,True
20250827,2025-08-27,2025,3,8,27,3,False,False,True
20250828,2025-08-28,2025,3,8,28,4,False,False,True
20250829,2025-08-29,2025,3,8,29,5,False,False,True
20250830,2025-08-30,2025,3,8,30,6,True,False,True
20250831,2025-08-31,2025,3,8,31,7,True,False,True
20250901,2025-09-01,2025,3,9,1,1,False,False,True
20250902,2025-09-02,2025,3,9,2,2,False,False,True
20250903,2025-09-03,2025,3,9,3,3,False,False,True
20250904,2025-09-04,2025,3,9,4,4,False,False,True
20250905,2025-09-05,2025,3,9,5,5,False,False,True
20250906,2025-09-06,2025,3,9,6,6,True,False,True
20250907,2025-09-07,2025,3,9,7,7,True,False,True
20250908,2025-09-08,2025,3,9,8,1,False,False,True
20250909,2025-09-09,2025,3,9,9,2,False,True,True
20250910,2025-09-10,2025,3,9,10,3,False,False,True
20250911,2025-09-11,2025,3,9,11,4,False,False,True
20250912,2025-09-12,2025,3,9,12,5,False,False,True
20250913,2025-09-13,2025,3,9,13,6,True,False,True
20250914,2025-09-14,2025,3,9,14,7,True,False,True
20250915,2025-09-15,2025,3,9,15,1,False,False,True
20250916,2025-09-16,2025,3,9,16,2,False,False,True
20250917,2025-09-17,2025,3,9,17,3,False,False,True
20250918,2025-09-18,2025,3,9,18,4,False,False,True
20250919,2025-09-19,2025,3,9,19,5,False,False,True
20250920,2025-09-20,2025,3,9,20,6,True,False,True
20250921,2025-09-21,2025,3,9,21,7,True,False,True
20250922,2025-09-22,2025,3,9,22,1,False,False,True
20250923,2025-09-23,2025,3,9,23,2,False,False,True
20250924,2025-09-24,2025,3,9,24,3,False,False,True
20250925,2025-09-25,2025,3,9,25,4,False,False,True
20250926,2025-09-26,2025,3,9,26,5,False,False,True
20250927,2025-09-27,2025,3,9,27,6,True,False,True
20250928,2025-09-28,2025,3,9,28,7,True,False,True
20250929,2025-09-29,2025,3,9,29,1,False,False,True
20250930,2025-09-30,2025,3,9,30,2,False,False,True
