customer_id,customer_name,customer_type,province,destination_hub_id,is_synthetic
C0001,ลูกค้าจำลอง-0001,B2C,เชียงใหม่,H_CNX,True
C0002,ลูกค้าจำลอง-0002,B2C,เชียงใหม่,H_CNX,True
C0003,ลูกค้าจำลอง-0003,B2C,เชียงใหม่,H_CNX,True
C0004,ลูกค้าจำลอง-0004,B2B,เชียงใหม่,H_CNX,True
C0005,ลูกค้าจำลอง-0005,B2B,เชียงใหม่,H_CNX,True
C0006,ลูกค้าจำลอง-0006,B2B,เชียงใหม่,H_CNX,True
C0007,ลูกค้าจำลอง-0007,B2C,เชียงใหม่,H_CNX,True
C0008,ลูกค้าจำลอง-0008,B2B,เชียงใหม่,H_CNX,True
C0009,ลูกค้าจำลอง-0009,B2B,เชียงใหม่,H_CNX,True
C0010,ลูกค้าจำลอง-0010,B2B,เชียงใหม่,H_CNX,True
C0011,ลูกค้าจำลอง-0011,B2C,เชียงใหม่,H_CNX,True
C0012,ลูกค้าจำลอง-0012,B2B,เชียงใหม่,H_CNX,True
C0013,ลูกค้าจำลอง-0013,B2B,เชียงใหม่,H_CNX,True
C0014,ลูกค้าจำลอง-0014,B2B,เชียงใหม่,H_CNX,True
C0015,ลูกค้าจำลอง-0015,B2C,เชียงใหม่,H_CNX,True
C0016,ลูกค้าจำลอง-0016,B2C,เชียงใหม่,H_CNX,True
C0017,ลูกค้าจำลอง-0017,B2B,เชียงใหม่,H_CNX,True
C0018,ลูกค้าจำลอง-0018,B2C,เชียงใหม่,H_CNX,True
C0019,ลูกค้าจำลอง-0019,B2C,เชียงใหม่,H_CNX,True
C0020,ลูกค้าจำลอง-0020,B2B,เชียงใหม่,H_CNX,True
C0021,ลูกค้าจำลอง-0021,B2B,เชียงใหม่,H_CNX,True
C0022,ลูกค้าจำลอง-0022,B2B,เชียงใหม่,H_CNX,True
C0023,ลูกค้าจำลอง-0023,B2C,เชียงใหม่,H_CNX,True
C0024,ลูกค้าจำลอง-0024,VIP,เชียงใหม่,H_CNX,True
C0025,ลูกค้าจำลอง-0025,B2B,เชียงใหม่,H_CNX,True
C0026,ลูกค้าจำลอง-0026,VIP,เชียงใหม่,H_CNX,True
C0027,ลูกค้าจำลอง-0027,B2B,เชียงใหม่,H_CNX,True
C0028,ลูกค้าจำลอง-0028,B2B,เชียงใหม่,H_CNX,True
C0029,ลูกค้าจำลอง-0029,B2B,เชียงใหม่,H_CNX,True
C0030,ลูกค้าจำลอง-0030,B2B,เชียงใหม่,H_CNX,True
C0031,ลูกค้าจำลอง-0031,B2B,กรุงเทพมหานคร,H_BKK,True
C0032,ลูกค้าจำลอง-0032,B2C,กรุงเทพมหานคร,H_BKK,True
C0033,ลูกค้าจำลอง-0033,B2B,กรุงเทพมหานคร,H_BKK,True
C0034,ลูกค้าจำลอง-0034,B2B,กรุงเทพมหานคร,H_BKK,True
C0035,ลูกค้าจำลอง-0035,B2B,กรุงเทพมหานคร,H_BKK,True
C0036,ลูกค้าจำลอง-0036,B2B,กรุงเทพมหานคร,H_BKK,True
C0037,ลูกค้าจำลอง-0037,B2C,กรุงเทพมหานคร,H_BKK,True
C0038,ลูกค้าจำลอง-0038,B2C,กรุงเทพมหานคร,H_BKK,True
C0039,ลูกค้าจำลอง-0039,B2C,กรุงเทพมหานคร,H_BKK,True
C0040,ลูกค้าจำลอง-0040,B2B,กรุงเทพมหานคร,H_BKK,True
C0041,ลูกค้าจำลอง-0041,B2C,กรุงเทพมหานคร,H_BKK,True
C0042,ลูกค้าจำลอง-0042,B2B,กรุงเทพมหานคร,H_BKK,True
C0043,ลูกค้าจำลอง-0043,B2C,กรุงเทพมหานคร,H_BKK,True
C0044,ลูกค้าจำลอง-0044,B2B,กรุงเทพมหานคร,H_BKK,True
C0045,ลูกค้าจำลอง-0045,B2C,กรุงเทพมหานคร,H_BKK,True
C0046,ลูกค้าจำลอง-0046,B2B,กรุงเทพมหานคร,H_BKK,True
C0047,ลูกค้าจำลอง-0047,B2B,กรุงเทพมหานคร,H_BKK,True
C0048,ลูกค้าจำลอง-0048,B2B,กรุงเทพมหานคร,H_BKK,True
C0049,ลูกค้าจำลอง-0049,B2C,กรุงเทพมหานคร,H_BKK,True
C0050,ลูกค้าจำลอง-0050,B2B,กรุงเทพมหานคร,H_BKK,True
C0051,ลูกค้าจำลอง-0051,B2B,กรุงเทพมหานคร,H_BKK,True
C0052,ลูกค้าจำลอง-0052,B2B,กรุงเทพมหานคร,H_BKK,True
C0053,ลูกค้าจำลอง-0053,B2C,กรุงเทพมหานคร,H_BKK,True
C0054,ลูกค้าจำลอง-0054,VIP,กรุงเทพมหานคร,H_BKK,True
C0055,ลูกค้าจำลอง-0055,B2C,กรุงเทพมหานคร,H_BKK,True
C0056,ลูกค้าจำลอง-0056,B2B,กรุงเทพมหานคร,H_BKK,True
C0057,ลูกค้าจำลอง-0057,B2C,กรุงเทพมหานคร,H_BKK,True
C0058,ลูกค้าจำลอง-0058,B2B,กรุงเทพมหานคร,H_BKK,True
C0059,ลูกค้าจำลอง-0059,B2C,กรุงเทพมหานคร,H_BKK,True
C0060,ลูกค้าจำลอง-0060,B2B,กรุงเทพมหานคร,H_BKK,True
C0061,ลูกค้าจำลอง-0061,B2B,ขอนแก่น,H_KKC,True
C0062,ลูกค้าจำลอง-0062,B2C,ขอนแก่น,H_KKC,True
C0063,ลูกค้าจำลอง-0063,B2C,ขอนแก่น,H_KKC,True
C0064,ลูกค้าจำลอง-0064,B2B,ขอนแก่น,H_KKC,True
C0065,ลูกค้าจำลอง-0065,B2B,ขอนแก่น,H_KKC,True
C0066,ลูกค้าจำลอง-0066,B2C,ขอนแก่น,H_KKC,True
C0067,ลูกค้าจำลอง-0067,B2C,ขอนแก่น,H_KKC,True
C0068,ลูกค้าจำลอง-0068,B2C,ขอนแก่น,H_KKC,True
C0069,ลูกค้าจำลอง-0069,B2B,ขอนแก่น,H_KKC,True
C0070,ลูกค้าจำลอง-0070,B2B,ขอนแก่น,H_KKC,True
C0071,ลูกค้าจำลอง-0071,B2B,ขอนแก่น,H_KKC,True
C0072,ลูกค้าจำลอง-0072,B2C,ขอนแก่น,H_KKC,True
C0073,ลูกค้าจำลอง-0073,B2B,ขอนแก่น,H_KKC,True
C0074,ลูกค้าจำลอง-0074,B2B,ขอนแก่น,H_KKC,True
C0075,ลูกค้าจำลอง-0075,B2C,ขอนแก่น,H_KKC,True
C0076,ลูกค้าจำลอง-0076,VIP,ขอนแก่น,H_KKC,True
C0077,ลูกค้าจำลอง-0077,B2B,ขอนแก่น,H_KKC,True
C0078,ลูกค้าจำลอง-0078,B2C,ขอนแก่น,H_KKC,True
C0079,ลูกค้าจำลอง-0079,B2C,ขอนแก่น,H_KKC,True
C0080,ลูกค้าจำลอง-0080,VIP,ขอนแก่น,H_KKC,True
C0081,ลูกค้าจำลอง-0081,B2B,ขอนแก่น,H_KKC,True
C0082,ลูกค้าจำลอง-0082,B2B,ขอนแก่น,H_KKC,True
C0083,ลูกค้าจำลอง-0083,B2B,ขอนแก่น,H_KKC,True
C0084,ลูกค้าจำลอง-0084,B2C,ขอนแก่น,H_KKC,True
C0085,ลูกค้าจำลอง-0085,B2B,ขอนแก่น,H_KKC,True
C0086,ลูกค้าจำลอง-0086,B2B,ขอนแก่น,H_KKC,True
C0087,ลูกค้าจำลอง-0087,B2C,ขอนแก่น,H_KKC,True
C0088,ลูกค้าจำลอง-0088,B2B,ขอนแก่น,H_KKC,True
C0089,ลูกค้าจำลอง-0089,B2B,ขอนแก่น,H_KKC,True
C0090,ลูกค้าจำลอง-0090,B2B,ขอนแก่น,H_KKC,True
C0091,ลูกค้าจำลอง-0091,B2B,กาฬสินธุ์,H_KSN,True
C0092,ลูกค้าจำลอง-0092,B2C,กาฬสินธุ์,H_KSN,True
C0093,ลูกค้าจำลอง-0093,B2B,กาฬสินธุ์,H_KSN,True
C0094,ลูกค้าจำลอง-0094,B2B,กาฬสินธุ์,H_KSN,True
C0095,ลูกค้าจำลอง-0095,B2C,กาฬสินธุ์,H_KSN,True
C0096,ลูกค้าจำลอง-0096,B2B,กาฬสินธุ์,H_KSN,True
C0097,ลูกค้าจำลอง-0097,B2B,กาฬสินธุ์,H_KSN,True
C0098,ลูกค้าจำลอง-0098,B2B,กาฬสินธุ์,H_KSN,True
C0099,ลูกค้าจำลอง-0099,B2C,กาฬสินธุ์,H_KSN,True
C0100,ลูกค้าจำลอง-0100,B2B,กาฬสินธุ์,H_KSN,True
C0101,ลูกค้าจำลอง-0101,B2C,กาฬสินธุ์,H_KSN,True
C0102,ลูกค้าจำลอง-0102,B2B,กาฬสินธุ์,H_KSN,True
C0103,ลูกค้าจำลอง-0103,B2B,กาฬสินธุ์,H_KSN,True
C0104,ลูกค้าจำลอง-0104,B2B,กาฬสินธุ์,H_KSN,True
C0105,ลูกค้าจำลอง-0105,B2B,กาฬสินธุ์,H_KSN,True
C0106,ลูกค้าจำลอง-0106,VIP,กาฬสินธุ์,H_KSN,True
C0107,ลูกค้าจำลอง-0107,B2C,กาฬสินธุ์,H_KSN,True
C0108,ลูกค้าจำลอง-0108,B2B,กาฬสินธุ์,H_KSN,True
C0109,ลูกค้าจำลอง-0109,B2B,กาฬสินธุ์,H_KSN,True
C0110,ลูกค้าจำลอง-0110,B2B,กาฬสินธุ์,H_KSN,True
C0111,ลูกค้าจำลอง-0111,B2B,กาฬสินธุ์,H_KSN,True
C0112,ลูกค้าจำลอง-0112,B2B,กาฬสินธุ์,H_KSN,True
C0113,ลูกค้าจำลอง-0113,B2B,กาฬสินธุ์,H_KSN,True
C0114,ลูกค้าจำลอง-0114,B2B,กาฬสินธุ์,H_KSN,True
C0115,ลูกค้าจำลอง-0115,B2C,กาฬสินธุ์,H_KSN,True
C0116,ลูกค้าจำลอง-0116,B2B,กาฬสินธุ์,H_KSN,True
C0117,ลูกค้าจำลอง-0117,B2B,กาฬสินธุ์,H_KSN,True
C0118,ลูกค้าจำลอง-0118,B2C,กาฬสินธุ์,H_KSN,True
C0119,ลูกค้าจำลอง-0119,B2C,กาฬสินธุ์,H_KSN,True
C0120,ลูกค้าจำลอง-0120,B2B,กาฬสินธุ์,H_KSN,True
C0121,ลูกค้าจำลอง-0121,B2C,ศรีสะเกษ,H_SSK,True
C0122,ลูกค้าจำลอง-0122,B2B,ศรีสะเกษ,H_SSK,True
C0123,ลูกค้าจำลอง-0123,B2C,ศรีสะเกษ,H_SSK,True
C0124,ลูกค้าจำลอง-0124,B2B,ศรีสะเกษ,H_SSK,True
C0125,ลูกค้าจำลอง-0125,B2C,ศรีสะเกษ,H_SSK,True
C0126,ลูกค้าจำลอง-0126,B2C,ศรีสะเกษ,H_SSK,True
C0127,ลูกค้าจำลอง-0127,B2B,ศรีสะเกษ,H_SSK,True
C0128,ลูกค้าจำลอง-0128,B2B,ศรีสะเกษ,H_SSK,True
C0129,ลูกค้าจำลอง-0129,B2C,ศรีสะเกษ,H_SSK,True
C0130,ลูกค้าจำลอง-0130,B2B,ศรีสะเกษ,H_SSK,True
C0131,ลูกค้าจำลอง-0131,B2B,ศรีสะเกษ,H_SSK,True
C0132,ลูกค้าจำลอง-0132,B2C,ศรีสะเกษ,H_SSK,True
C0133,ลูกค้าจำลอง-0133,B2C,ศรีสะเกษ,H_SSK,True
C0134,ลูกค้าจำลอง-0134,B2B,ศรีสะเกษ,H_SSK,True
C0135,ลูกค้าจำลอง-0135,B2C,ศรีสะเกษ,H_SSK,True
C0136,ลูกค้าจำลอง-0136,B2B,ศรีสะเกษ,H_SSK,True
C0137,ลูกค้าจำลอง-0137,B2B,ศรีสะเกษ,H_SSK,True
C0138,ลูกค้าจำลอง-0138,B2C,ศรีสะเกษ,H_SSK,True
C0139,ลูกค้าจำลอง-0139,B2C,ศรีสะเกษ,H_SSK,True
C0140,ลูกค้าจำลอง-0140,B2B,ศรีสะเกษ,H_SSK,True
C0141,ลูกค้าจำลอง-0141,B2B,ศรีสะเกษ,H_SSK,True
C0142,ลูกค้าจำลอง-0142,B2B,ศรีสะเกษ,H_SSK,True
C0143,ลูกค้าจำลอง-0143,VIP,ศรีสะเกษ,H_SSK,True
C0144,ลูกค้าจำลอง-0144,B2C,ศรีสะเกษ,H_SSK,True
C0145,ลูกค้าจำลอง-0145,B2B,ศรีสะเกษ,H_SSK,True
C0146,ลูกค้าจำลอง-0146,B2B,ศรีสะเกษ,H_SSK,True
C0147,ลูกค้าจำลอง-0147,B2C,ศรีสะเกษ,H_SSK,True
C0148,ลูกค้าจำลอง-0148,B2B,ศรีสะเกษ,H_SSK,True
C0149,ลูกค้าจำลอง-0149,B2B,ศรีสะเกษ,H_SSK,True
C0150,ลูกค้าจำลอง-0150,B2C,ศรีสะเกษ,H_SSK,True
C0151,ลูกค้าจำลอง-0151,VIP,นครราชสีมา,H_NMA,True
C0152,ลูกค้าจำลอง-0152,B2C,นครราชสีมา,H_NMA,True
C0153,ลูกค้าจำลอง-0153,B2B,นครราชสีมา,H_NMA,True
C0154,ลูกค้าจำลอง-0154,B2B,นครราชสีมา,H_NMA,True
C0155,ลูกค้าจำลอง-0155,B2B,นครราชสีมา,H_NMA,True
C0156,ลูกค้าจำลอง-0156,B2C,นครราชสีมา,H_NMA,True
C0157,ลูกค้าจำลอง-0157,B2B,นครราชสีมา,H_NMA,True
C0158,ลูกค้าจำลอง-0158,B2C,นครราชสีมา,H_NMA,True
C0159,ลูกค้าจำลอง-0159,B2C,นครราชสีมา,H_NMA,True
C0160,ลูกค้าจำลอง-0160,B2B,นครราชสีมา,H_NMA,True
C0161,ลูกค้าจำลอง-0161,B2B,นครราชสีมา,H_NMA,True
C0162,ลูกค้าจำลอง-0162,VIP,นครราชสีมา,H_NMA,True
C0163,ลูกค้าจำลอง-0163,B2B,นครราชสีมา,H_NMA,True
C0164,ลูกค้าจำลอง-0164,B2C,นครราชสีมา,H_NMA,True
C0165,ลูกค้าจำลอง-0165,B2B,นครราชสีมา,H_NMA,True
C0166,ลูกค้าจำลอง-0166,B2B,นครราชสีมา,H_NMA,True
C0167,ลูกค้าจำลอง-0167,B2B,นครราชสีมา,H_NMA,True
C0168,ลูกค้าจำลอง-0168,B2B,นครราชสีมา,H_NMA,True
C0169,ลูกค้าจำลอง-0169,B2B,นครราชสีมา,H_NMA,True
C0170,ลูกค้าจำลอง-0170,B2B,นครราชสีมา,H_NMA,True
C0171,ลูกค้าจำลอง-0171,B2B,นครราชสีมา,H_NMA,True
C0172,ลูกค้าจำลอง-0172,B2B,นครราชสีมา,H_NMA,True
C0173,ลูกค้าจำลอง-0173,B2B,นครราชสีมา,H_NMA,True
C0174,ลูกค้าจำลอง-0174,B2B,นครราชสีมา,H_NMA,True
C0175,ลูกค้าจำลอง-0175,B2C,นครราชสีมา,H_NMA,True
C0176,ลูกค้าจำลอง-0176,B2B,นครราชสีมา,H_NMA,True
C0177,ลูกค้าจำลอง-0177,B2C,นครราชสีมา,H_NMA,True
C0178,ลูกค้าจำลอง-0178,B2B,นครราชสีมา,H_NMA,True
C0179,ลูกค้าจำลอง-0179,B2B,นครราชสีมา,H_NMA,True
C0180,ลูกค้าจำลอง-0180,B2C,นครราชสีมา,H_NMA,True
C0181,ลูกค้าจำลอง-0181,B2B,อุดรธานี,H_UTH,True
C0182,ลูกค้าจำลอง-0182,B2C,อุดรธานี,H_UTH,True
C0183,ลูกค้าจำลอง-0183,B2B,อุดรธานี,H_UTH,True
C0184,ลูกค้าจำลอง-0184,B2B,อุดรธานี,H_UTH,True
C0185,ลูกค้าจำลอง-0185,B2B,อุดรธานี,H_UTH,True
C0186,ลูกค้าจำลอง-0186,B2B,อุดรธานี,H_UTH,True
C0187,ลูกค้าจำลอง-0187,B2C,อุดรธานี,H_UTH,True
C0188,ลูกค้าจำลอง-0188,B2C,อุดรธานี,H_UTH,True
C0189,ลูกค้าจำลอง-0189,B2C,อุดรธานี,H_UTH,True
C0190,ลูกค้าจำลอง-0190,B2B,อุดรธานี,H_UTH,True
C0191,ลูกค้าจำลอง-0191,B2B,อุดรธานี,H_UTH,True
C0192,ลูกค้าจำลอง-0192,VIP,อุดรธานี,H_UTH,True
C0193,ลูกค้าจำลอง-0193,B2B,อุดรธานี,H_UTH,True
C0194,ลูกค้าจำลอง-0194,B2B,อุดรธานี,H_UTH,True
C0195,ลูกค้าจำลอง-0195,B2B,อุดรธานี,H_UTH,True
C0196,ลูกค้าจำลอง-0196,B2B,อุดรธานี,H_UTH,True
C0197,ลูกค้าจำลอง-0197,B2B,อุดรธานี,H_UTH,True
C0198,ลูกค้าจำลอง-0198,B2B,อุดรธานี,H_UTH,True
C0199,ลูกค้าจำลอง-0199,B2C,อุดรธานี,H_UTH,True
C0200,ลูกค้าจำลอง-0200,B2B,อุดรธานี,H_UTH,True
C0201,ลูกค้าจำลอง-0201,B2C,อุดรธานี,H_UTH,True
C0202,ลูกค้าจำลอง-0202,B2C,อุดรธานี,H_UTH,True
C0203,ลูกค้าจำลอง-0203,B2B,อุดรธานี,H_UTH,True
C0204,ลูกค้าจำลอง-0204,B2B,อุดรธานี,H_UTH,True
C0205,ลูกค้าจำลอง-0205,B2C,อุดรธานี,H_UTH,True
C0206,ลูกค้าจำลอง-0206,B2B,อุดรธานี,H_UTH,True
C0207,ลูกค้าจำลอง-0207,B2B,อุดรธานี,H_UTH,True
C0208,ลูกค้าจำลอง-0208,B2B,อุดรธานี,H_UTH,True
C0209,ลูกค้าจำลอง-0209,B2B,อุดรธานี,H_UTH,True
C0210,ลูกค้าจำลอง-0210,B2C,อุดรธานี,H_UTH,True
C0211,ลูกค้าจำลอง-0211,B2B,ร้อยเอ็ด,H_RET,True
C0212,ลูกค้าจำลอง-0212,B2B,ร้อยเอ็ด,H_RET,True
C0213,ลูกค้าจำลอง-0213,B2B,ร้อยเอ็ด,H_RET,True
C0214,ลูกค้าจำลอง-0214,B2B,ร้อยเอ็ด,H_RET,True
C0215,ลูกค้าจำลอง-0215,B2B,ร้อยเอ็ด,H_RET,True
C0216,ลูกค้าจำลอง-0216,B2B,ร้อยเอ็ด,H_RET,True
C0217,ลูกค้าจำลอง-0217,B2B,ร้อยเอ็ด,H_RET,True
C0218,ลูกค้าจำลอง-0218,B2C,ร้อยเอ็ด,H_RET,True
C0219,ลูกค้าจำลอง-0219,VIP,ร้อยเอ็ด,H_RET,True
C0220,ลูกค้าจำลอง-0220,B2B,ร้อยเอ็ด,H_RET,True
C0221,ลูกค้าจำลอง-0221,B2B,ร้อยเอ็ด,H_RET,True
C0222,ลูกค้าจำลอง-0222,B2B,ร้อยเอ็ด,H_RET,True
C0223,ลูกค้าจำลอง-0223,B2B,ร้อยเอ็ด,H_RET,True
C0224,ลูกค้าจำลอง-0224,B2C,ร้อยเอ็ด,H_RET,True
C0225,ลูกค้าจำลอง-0225,B2B,ร้อยเอ็ด,H_RET,True
C0226,ลูกค้าจำลอง-0226,B2C,ร้อยเอ็ด,H_RET,True
C0227,ลูกค้าจำลอง-0227,VIP,ร้อยเอ็ด,H_RET,True
C0228,ลูกค้าจำลอง-0228,B2B,ร้อยเอ็ด,H_RET,True
C0229,ลูกค้าจำลอง-0229,B2B,ร้อยเอ็ด,H_RET,True
C0230,ลูกค้าจำลอง-0230,B2C,ร้อยเอ็ด,H_RET,True
C0231,ลูกค้าจำลอง-0231,B2C,ร้อยเอ็ด,H_RET,True
C0232,ลูกค้าจำลอง-0232,B2C,ร้อยเอ็ด,H_RET,True
C0233,ลูกค้าจำลอง-0233,B2B,ร้อยเอ็ด,H_RET,True
C0234,ลูกค้าจำลอง-0234,B2B,ร้อยเอ็ด,H_RET,True
C0235,ลูกค้าจำลอง-0235,B2B,ร้อยเอ็ด,H_RET,True
C0236,ลูกค้าจำลอง-0236,B2C,ร้อยเอ็ด,H_RET,True
C0237,ลูกค้าจำลอง-0237,B2B,ร้อยเอ็ด,H_RET,True
C0238,ลูกค้าจำลอง-0238,B2C,ร้อยเอ็ด,H_RET,True
C0239,ลูกค้าจำลอง-0239,B2B,ร้อยเอ็ด,H_RET,True
C0240,ลูกค้าจำลอง-0240,B2B,ร้อยเอ็ด,H_RET,True
C0241,ลูกค้าจำลอง-0241,B2B,ลำปาง,H_LPT,True
C0242,ลูกค้าจำลอง-0242,B2B,ลำปาง,H_LPT,True
C0243,ลูกค้าจำลอง-0243,B2B,ลำปาง,H_LPT,True
C0244,ลูกค้าจำลอง-0244,B2B,ลำปาง,H_LPT,True
C0245,ลูกค้าจำลอง-0245,B2B,ลำปาง,H_LPT,True
C0246,ลูกค้าจำลอง-0246,B2C,ลำปาง,H_LPT,True
C0247,ลูกค้าจำลอง-0247,B2C,ลำปาง,H_LPT,True
C0248,ลูกค้าจำลอง-0248,VIP,ลำปาง,H_LPT,True
C0249,ลูกค้าจำลอง-0249,B2C,ลำปาง,H_LPT,True
C0250,ลูกค้าจำลอง-0250,B2B,ลำปาง,H_LPT,True
C0251,ลูกค้าจำลอง-0251,B2C,ลำปาง,H_LPT,True
C0252,ลูกค้าจำลอง-0252,B2B,ลำปาง,H_LPT,True
C0253,ลูกค้าจำลอง-0253,B2C,ลำปาง,H_LPT,True
C0254,ลูกค้าจำลอง-0254,B2B,ลำปาง,H_LPT,True
C0255,ลูกค้าจำลอง-0255,B2B,ลำปาง,H_LPT,True
C0256,ลูกค้าจำลอง-0256,B2B,ลำปาง,H_LPT,True
C0257,ลูกค้าจำลอง-0257,B2B,ลำปาง,H_LPT,True
C0258,ลูกค้าจำลอง-0258,B2B,ลำปาง,H_LPT,True
C0259,ลูกค้าจำลอง-0259,B2C,ลำปาง,H_LPT,True
C0260,ลูกค้าจำลอง-0260,B2C,ลำปาง,H_LPT,True
C0261,ลูกค้าจำลอง-0261,B2C,ลำปาง,H_LPT,True
C0262,ลูกค้าจำลอง-0262,B2B,ลำปาง,H_LPT,True
C0263,ลูกค้าจำลอง-0263,B2B,ลำปาง,H_LPT,True
C0264,ลูกค้าจำลอง-0264,B2C,ลำปาง,H_LPT,True
C0265,ลูกค้าจำลอง-0265,B2B,ลำปาง,H_LPT,True
C0266,ลูกค้าจำลอง-0266,B2B,ลำปาง,H_LPT,True
C0267,ลูกค้าจำลอง-0267,B2C,ลำปาง,H_LPT,True
C0268,ลูกค้าจำลอง-0268,B2C,ลำปาง,H_LPT,True
C0269,ลูกค้าจำลอง-0269,B2B,ลำปาง,H_LPT,True
C0270,ลูกค้าจำลอง-0270,VIP,ลำปาง,H_LPT,True
C0271,ลูกค้าจำลอง-0271,B2B,ระยอง,H_RYG,True
C0272,ลูกค้าจำลอง-0272,VIP,ระยอง,H_RYG,True
C0273,ลูกค้าจำลอง-0273,B2C,ระยอง,H_RYG,True
C0274,ลูกค้าจำลอง-0274,B2B,ระยอง,H_RYG,True
C0275,ลูกค้าจำลอง-0275,B2B,ระยอง,H_RYG,True
C0276,ลูกค้าจำลอง-0276,B2C,ระยอง,H_RYG,True
C0277,ลูกค้าจำลอง-0277,B2B,ระยอง,H_RYG,True
C0278,ลูกค้าจำลอง-0278,B2B,ระยอง,H_RYG,True
C0279,ลูกค้าจำลอง-0279,B2B,ระยอง,H_RYG,True
C0280,ลูกค้าจำลอง-0280,B2B,ระยอง,H_RYG,True
C0281,ลูกค้าจำลอง-0281,B2B,ระยอง,H_RYG,True
C0282,ลูกค้าจำลอง-0282,B2C,ระยอง,H_RYG,True
C0283,ลูกค้าจำลอง-0283,B2C,ระยอง,H_RYG,True
C0284,ลูกค้าจำลอง-0284,B2B,ระยอง,H_RYG,True
C0285,ลูกค้าจำลอง-0285,B2B,ระยอง,H_RYG,True
C0286,ลูกค้าจำลอง-0286,B2B,ระยอง,H_RYG,True
C0287,ลูกค้าจำลอง-0287,B2B,ระยอง,H_RYG,True
C0288,ลูกค้าจำลอง-0288,B2B,ระยอง,H_RYG,True
C0289,ลูกค้าจำลอง-0289,B2B,ระยอง,H_RYG,True
C0290,ลูกค้าจำลอง-0290,B2B,ระยอง,H_RYG,True
C0291,ลูกค้าจำลอง-0291,B2B,ระยอง,H_RYG,True
C0292,ลูกค้าจำลอง-0292,B2B,ระยอง,H_RYG,True
C0293,ลูกค้าจำลอง-0293,B2B,ระยอง,H_RYG,True
C0294,ลูกค้าจำลอง-0294,B2B,ระยอง,H_RYG,True
C0295,ลูกค้าจำลอง-0295,B2B,ระยอง,H_RYG,True
C0296,ลูกค้าจำลอง-0296,B2B,ระยอง,H_RYG,True
C0297,ลูกค้าจำลอง-0297,B2C,ระยอง,H_RYG,True
C0298,ลูกค้าจำลอง-0298,B2B,ระยอง,H_RYG,True
C0299,ลูกค้าจำลอง-0299,B2B,ระยอง,H_RYG,True
C0300,ลูกค้าจำลอง-0300,B2C,ระยอง,H_RYG,True
