driver_id,driver_name,home_hub_id,assigned_vehicle_id,experience_years,prior_safety_score,prior_fuel_skill_factor,licence_type,is_synthetic
D001,คนขับจำลอง-001,H_UBP,V001,13,71.6,0.969,Simulated appropriate truck licence,True
D002,คนขับจำลอง-002,H_UBP,V001,7,81.2,1.031,Simulated appropriate truck licence,True
D003,คนขับจำลอง-003,H_UBP,V002,15,77.7,1.048,Simulated appropriate truck licence,True
D004,คนขับจำลอง-004,H_UBP,V002,7,71.9,0.964,Simulated appropriate truck licence,True
D005,คนขับจำลอง-005,H_UBP,V003,18,77.3,0.976,Simulated appropriate truck licence,True
D006,คนขับจำลอง-006,H_UBP,V003,5,87.5,1.039,Simulated appropriate truck licence,True
D007,คนขับจำลอง-007,H_UBP,V004,5,79.4,1.031,Simulated appropriate truck licence,True
D008,คนขับจำลอง-008,H_UBP,V004,11,94.8,1.0,Simulated appropriate truck licence,True
D009,คนขับจำลอง-009,H_UBP,V005,12,89.8,1.028,Simulated appropriate truck licence,True
D010,คนขับจำลอง-010,H_UBP,V005,14,82.8,0.981,Simulated appropriate truck licence,True
D011,คนขับจำลอง-011,H_UBP,V006,3,72.6,0.977,Simulated appropriate truck licence,True
D012,คนขับจำลอง-012,H_UBP,V006,10,79.6,1.078,Simulated appropriate truck licence,True
D013,คนขับจำลอง-013,H_UBP,V007,9,85.9,1.035,Simulated appropriate truck licence,True
D014,คนขับจำลอง-014,H_UBP,V007,13,98.1,1.076,Simulated appropriate truck licence,True
D015,คนขับจำลอง-015,H_UBP,V008,15,86.2,0.972,Simulated appropriate truck licence,True
D016,คนขับจำลอง-016,H_UBP,V008,3,73.4,1.039,Simulated appropriate truck licence,True
D017,คนขับจำลอง-017,H_UBP,V009,14,78.8,0.911,Simulated appropriate truck licence,True
D018,คนขับจำลอง-018,H_UBP,V009,6,83.8,0.985,Simulated appropriate truck licence,True
D019,คนขับจำลอง-019,H_UBP,V010,18,72.6,0.918,Simulated appropriate truck licence,True
D020,คนขับจำลอง-020,H_UBP,V010,1,90.9,1.02,Simulated appropriate truck licence,True
D021,คนขับจำลอง-021,H_UBP,V011,17,83.8,0.919,Simulated appropriate truck licence,True
D022,คนขับจำลอง-022,H_UBP,V011,13,95.9,0.902,Simulated appropriate truck licence,True
D023,คนขับจำลอง-023,H_UBP,V012,17,92.7,1.073,Simulated appropriate truck licence,True
D024,คนขับจำลอง-024,H_UBP,V012,3,71.4,0.971,Simulated appropriate truck licence,True
D025,คนขับจำลอง-025,H_UBP,V013,9,94.6,1.021,Simulated appropriate truck licence,True
D026,คนขับจำลอง-026,H_UBP,V013,9,94.3,1.058,Simulated appropriate truck licence,True
D027,คนขับจำลอง-027,H_UBP,V014,5,75.4,0.961,Simulated appropriate truck licence,True
D028,คนขับจำลอง-028,H_UBP,V014,3,94.1,1.039,Simulated appropriate truck licence,True
D029,คนขับจำลอง-029,H_UBP,V015,3,96.6,1.036,Simulated appropriate truck licence,True
D030,คนขับจำลอง-030,H_UBP,V015,12,73.0,0.908,Simulated appropriate truck licence,True
D031,คนขับจำลอง-031,H_UBP,V016,14,89.0,0.94,Simulated appropriate truck licence,True
D032,คนขับจำลอง-032,H_UBP,V016,9,82.9,1.008,Simulated appropriate truck licence,True
D033,คนขับจำลอง-033,H_UBP,V017,2,70.7,1.024,Simulated appropriate truck licence,True
D034,คนขับจำลอง-034,H_UBP,V017,14,70.8,1.053,Simulated appropriate truck licence,True
D035,คนขับจำลอง-035,H_UBP,V018,17,79.9,1.063,Simulated appropriate truck licence,True
D036,คนขับจำลอง-036,H_UBP,V018,7,87.3,1.075,Simulated appropriate truck licence,True
D037,คนขับจำลอง-037,H_UBP,V019,4,86.0,1.017,Simulated appropriate truck licence,True
D038,คนขับจำลอง-038,H_UBP,V019,3,87.8,0.929,Simulated appropriate truck licence,True
D039,คนขับจำลอง-039,H_UBP,V020,10,87.3,0.919,Simulated appropriate truck licence,True
D040,คนขับจำลอง-040,H_UBP,V020,15,71.0,0.91,Simulated appropriate truck licence,True
D041,คนขับจำลอง-041,H_UBP,V021,4,82.3,1.067,Simulated appropriate truck licence,True
D042,คนขับจำลอง-042,H_UBP,V021,12,72.6,0.944,Simulated appropriate truck licence,True
D043,คนขับจำลอง-043,H_UBP,V022,10,92.6,0.988,Simulated appropriate truck licence,True
D044,คนขับจำลอง-044,H_UBP,V022,10,84.4,0.972,Simulated appropriate truck licence,True
D045,คนขับจำลอง-045,H_UBP,V023,15,73.9,0.969,Simulated appropriate truck licence,True
D046,คนขับจำลอง-046,H_UBP,V023,12,84.0,0.973,Simulated appropriate truck licence,True
D047,คนขับจำลอง-047,H_UBP,V024,18,81.5,0.998,Simulated appropriate truck licence,True
D048,คนขับจำลอง-048,H_UBP,V024,1,79.6,0.935,Simulated appropriate truck licence,True
D049,คนขับจำลอง-049,H_CNX,V025,6,75.2,1.015,Simulated appropriate truck licence,True
D050,คนขับจำลอง-050,H_CNX,V026,17,91.6,0.993,Simulated appropriate truck licence,True
D051,คนขับจำลอง-051,H_CNX,V027,14,87.2,1.079,Simulated appropriate truck licence,True
D052,คนขับจำลอง-052,H_CNX,V028,12,94.0,0.949,Simulated appropriate truck licence,True
D053,คนขับจำลอง-053,H_BKK,V029,5,83.6,1.058,Simulated appropriate truck licence,True
D054,คนขับจำลอง-054,H_BKK,V030,14,97.9,1.062,Simulated appropriate truck licence,True
D055,คนขับจำลอง-055,H_KKC,V031,17,76.7,1.039,Simulated appropriate truck licence,True
D056,คนขับจำลอง-056,H_KKC,V032,6,81.7,1.043,Simulated appropriate truck licence,True
D057,คนขับจำลอง-057,H_KSN,V033,7,72.7,0.993,Simulated appropriate truck licence,True
D058,คนขับจำลอง-058,H_KSN,V034,8,78.1,1.042,Simulated appropriate truck licence,True
D059,คนขับจำลอง-059,H_SSK,V035,11,78.8,0.906,Simulated appropriate truck licence,True
D060,คนขับจำลอง-060,H_SSK,V036,7,86.2,0.957,Simulated appropriate truck licence,True
D061,คนขับจำลอง-061,H_NMA,V037,15,72.7,1.054,Simulated appropriate truck licence,True
D062,คนขับจำลอง-062,H_NMA,V038,2,92.5,1.078,Simulated appropriate truck licence,True
D063,คนขับจำลอง-063,H_UTH,V039,5,81.8,0.978,Simulated appropriate truck licence,True
D064,คนขับจำลอง-064,H_UTH,V040,16,74.3,1.048,Simulated appropriate truck licence,True
D065,คนขับจำลอง-065,H_RET,V041,10,75.5,1.071,Simulated appropriate truck licence,True
D066,คนขับจำลอง-066,H_RET,V042,5,86.9,1.042,Simulated appropriate truck licence,True
D067,คนขับจำลอง-067,H_LPT,V043,7,90.9,0.989,Simulated appropriate truck licence,True
D068,คนขับจำลอง-068,H_LPT,V044,1,73.1,0.997,Simulated appropriate truck licence,True
D069,คนขับจำลอง-069,H_RYG,V045,18,81.9,1.029,Simulated appropriate truck licence,True
D070,คนขับจำลอง-070,H_RYG,V046,9,96.6,1.078,Simulated appropriate truck licence,True
