route_id,route_kind,origin_hub_id,destination_hub_id,destination_province,destination_region,standard_outbound_km,standard_return_km,osrm_car_duration_hours,planned_truck_outbound_hours,target_booking_share,distance_basis,distance_source_id,route_api_url,distance_reference_date
R_CNX,LINEHAUL,H_UBP,H_CNX,เชียงใหม่,North,924.01,926.214,12.4359,15.653,0.35,OSRM current car road-network estimate,SRC_OSRM,"https://router.project-osrm.org/route/v1/driving/104.8575,15.2448;98.9853,18.7883;104.8575,15.2448?overview=false&steps=false",2026-10-02
L_CNX,LAST_MILE,H_CNX,H_CNX,เชียงใหม่,North,,,,,,Simulated hub loop: 20 + 1.8 x stops km; no real customer addresses,,,
R_BKK,LINEHAUL,H_UBP,H_BKK,กรุงเทพมหานคร,Central,604.414,605.477,7.6618,10.499,0.15,OSRM current car road-network estimate,SRC_OSRM,"https://router.project-osrm.org/route/v1/driving/104.8575,15.2448;100.5018,13.7563;104.8575,15.2448?overview=false&steps=false",2026-10-02
L_BKK,LAST_MILE,H_BKK,H_BKK,กรุงเทพมหานคร,Central,,,,,,Simulated hub loop: 20 + 1.8 x stops km; no real customer addresses,,,
R_KKC,LINEHAUL,H_UBP,H_KKC,ขอนแก่น,Northeast,287.448,287.432,3.7939,5.386,0.1,OSRM current car road-network estimate,SRC_OSRM,"https://router.project-osrm.org/route/v1/driving/104.8575,15.2448;102.835,16.4322;104.8575,15.2448?overview=false&steps=false",2026-10-02
L_KKC,LAST_MILE,H_KKC,H_KKC,ขอนแก่น,Northeast,,,,,,Simulated hub loop: 20 + 1.8 x stops km; no real customer addresses,,,
R_KSN,LINEHAUL,H_UBP,H_KSN,กาฬสินธุ์,Northeast,220.638,220.253,2.9103,4.309,0.08,OSRM current car road-network estimate,SRC_OSRM,"https://router.project-osrm.org/route/v1/driving/104.8575,15.2448;103.5061,16.4328;104.8575,15.2448?overview=false&steps=false",2026-10-02
L_KSN,LAST_MILE,H_KSN,H_KSN,กาฬสินธุ์,Northeast,,,,,,Simulated hub loop: 20 + 1.8 x stops km; no real customer addresses,,,
R_SSK,LINEHAUL,H_UBP,H_SSK,ศรีสะเกษ,Northeast,68.038,69.994,1.1335,1.847,0.07,OSRM current car road-network estimate,SRC_OSRM,"https://router.project-osrm.org/route/v1/driving/104.8575,15.2448;104.322,15.1186;104.8575,15.2448?overview=false&steps=false",2026-10-02
L_SSK,LAST_MILE,H_SSK,H_SSK,ศรีสะเกษ,Northeast,,,,,,Simulated hub loop: 20 + 1.8 x stops km; no real customer addresses,,,
R_NMA,LINEHAUL,H_UBP,H_NMA,นครราชสีมา,Northeast,378.725,378.092,4.5707,6.858,0.06,OSRM current car road-network estimate,SRC_OSRM,"https://router.project-osrm.org/route/v1/driving/104.8575,15.2448;102.0978,14.9799;104.8575,15.2448?overview=false&steps=false",2026-10-02
L_NMA,LAST_MILE,H_NMA,H_NMA,นครราชสีมา,Northeast,,,,,,Simulated hub loop: 20 + 1.8 x stops km; no real customer addresses,,,
R_UTH,LINEHAUL,H_UBP,H_UTH,อุดรธานี,Northeast,406.468,404.786,5.2109,7.306,0.06,OSRM current car road-network estimate,SRC_OSRM,"https://router.project-osrm.org/route/v1/driving/104.8575,15.2448;102.793,17.4138;104.8575,15.2448?overview=false&steps=false",2026-10-02
L_UTH,LAST_MILE,H_UTH,H_UTH,อุดรธานี,Northeast,,,,,,Simulated hub loop: 20 + 1.8 x stops km; no real customer addresses,,,
R_RET,LINEHAUL,H_UBP,H_RET,ร้อยเอ็ด,Northeast,172.08,172.131,2.1415,3.525,0.05,OSRM current car road-network estimate,SRC_OSRM,"https://router.project-osrm.org/route/v1/driving/104.8575,15.2448;103.652,16.0538;104.8575,15.2448?overview=false&steps=false",2026-10-02
L_RET,LAST_MILE,H_RET,H_RET,ร้อยเอ็ด,Northeast,,,,,,Simulated hub loop: 20 + 1.8 x stops km; no real customer addresses,,,
R_LPT,LINEHAUL,H_UBP,H_LPT,ลำปาง,North,827.649,827.832,11.1356,14.099,0.04,OSRM current car road-network estimate,SRC_OSRM,"https://router.project-osrm.org/route/v1/driving/104.8575,15.2448;99.4937,18.2888;104.8575,15.2448?overview=false&steps=false",2026-10-02
L_LPT,LAST_MILE,H_LPT,H_LPT,ลำปาง,North,,,,,,Simulated hub loop: 20 + 1.8 x stops km; no real customer addresses,,,
R_RYG,LINEHAUL,H_UBP,H_RYG,ระยอง,East,662.132,663.104,8.2045,11.43,0.04,OSRM current car road-network estimate,SRC_OSRM,"https://router.project-osrm.org/route/v1/driving/104.8575,15.2448;101.2816,12.6814;104.8575,15.2448?overview=false&steps=false",2026-10-02
L_RYG,LAST_MILE,H_RYG,H_RYG,ระยอง,East,,,,,,Simulated hub loop: 20 + 1.8 x stops km; no real customer addresses,,,
