source_id,publisher,title,url,reference_period,used_for,limitation
SRC_OSRM,OSRM / OpenStreetMap contributors,Route API,https://project-osrm.org/docs/v5.24.0/api/,retrieved 2026-10-02,"Driving-network distance benchmark; API car duration, not truck time",City-centre coordinates assumed; current map applied to synthetic 2025; car profile does not enforce truck restrictions
SRC_OSM,OpenStreetMap contributors,OpenStreetMap attribution,https://www.openstreetmap.org/copyright,retrieved 2026-10-02,Road-network attribution,Route estimates are not observed GPS or a historical map snapshot
SRC_ISUZU,ISUZU TRUCKS Thailand,Truck specifications,https://truck.isuzu-tis.com/product,retrieved 2026-10-02,NLR GVW 4400 kg; NPR GVW 8500 kg; FTR GVW 15000 kg,"GVW includes vehicle and cargo. Tare, usable payload, body volume and fuel efficiency are simulation assumptions; not a 2025 configuration certification"
SRC_NCA_CNX,Nakhonchai Air,Ubon Ratchathani - Chiang Mai route,https://www.nakhonchaiair.com/ncaweb/th/route/25,page updated 2026-02-09; retrieved 2026-10-02,Cross-check only: operator route 1043 km; published route detail 13h15; actual timetable includes longer journeys,"Passenger-bus route, different from OSRM road path; neither value is asserted as measured truck travel time"
SRC_THP,Thailand Post,Domestic EMS delivery standard,https://www.thailandpost.co.th/un/article_detail/faq/94/735,retrieved 2026-10-02,"Market context: 1-2 working-day benchmark, with cutoffs and remote-area exceptions",This dataset uses its own 1/2/3 calendar-day SLA. No Thailand Post tariffs or service guarantees are applied to this fictional operator
SRC_TMD,Thai Meteorological Department,Monsoon-season context,https://tmd.go.th/climate/generalizedmonsoonindex,general seasonal context; retrieved 2026-10-02,Broad May-October monsoon context,"Daily rain, forecast error, traffic and delay probabilities are simulated, not actual 2025 weather records"
SRC_EPPO_04,Energy Policy and Planning Office (EPPO),Retail fuel price comparison 2025-04,https://www.eppo.go.th/index.php/th/petroleum/gas/link-erc-pipeline/item/download/25562_1ecf6385226f1e42d3be78141172c29d,2025-04,Thailand diesel reference 31.94 THB/litre,"A report reference price, not a daily observed pump-price series or a monthly average"
SRC_EPPO_05,Energy Policy and Planning Office (EPPO),Retail fuel price comparison 2025-05,https://www.eppo.go.th/epposite/index.php/th/corporate-eppo/ethics/item/download/25622_a3b8192b151aa50e11310896c668961f,2025-05,Thailand diesel reference 31.94 THB/litre,"A report reference price, not a daily observed pump-price series or a monthly average"
SRC_EPPO_06,Energy Policy and Planning Office (EPPO),Retail fuel price comparison 2025-06,https://www.eppo.go.th/index.php/en/component/k2/item/download/25808_6d042169850424dfa4b4e6a255b7118d,2025-06,Thailand diesel reference 31.94 THB/litre,"A report reference price, not a daily observed pump-price series or a monthly average"
SRC_EPPO_07,Energy Policy and Planning Office (EPPO),Retail fuel price comparison 2025-07,https://www.eppo.go.th/index.php/en/component/k2/item/download/25810_3395fd2f21d5f639850a5a9ce1803baa,2025-07,Thailand diesel reference 31.94 THB/litre,"A report reference price, not a daily observed pump-price series or a monthly average"
SRC_EPPO_08,Energy Policy and Planning Office (EPPO),Retail fuel price comparison 2025-08,https://www.eppo.go.th/index.php/en/component/k2/item/download/25973_488d069ba4cc4b95a73d598248598d67,2025-08,Thailand diesel reference 31.94 THB/litre,"A report reference price, not a daily observed pump-price series or a monthly average"
SRC_EPPO_09,Energy Policy and Planning Office (EPPO),Retail fuel price comparison 2025-09,https://www.eppo.go.th/index.php/en/component/k2/item/download/25989_c6db1ca5ad952ca88cf1ad5863afc8f7,2025-09,Thailand diesel reference 31.94 THB/litre,"A report reference price, not a daily observed pump-price series or a monthly average"
