maintenance_id,vehicle_id,unavailable_from,unavailable_until,maintenance_type,is_synthetic
M00105,V001,2025-05-08T00:00:00+07:00,2025-05-10T00:00:00+07:00,Scheduled service,True
M00108,V001,2025-08-08T00:00:00+07:00,2025-08-10T00:00:00+07:00,Scheduled service,True
M00205,V002,2025-05-15T00:00:00+07:00,2025-05-17T00:00:00+07:00,Scheduled service,True
M00208,V002,2025-08-15T00:00:00+07:00,2025-08-17T00:00:00+07:00,Scheduled service,True
M00305,V003,2025-05-22T00:00:00+07:00,2025-05-24T00:00:00+07:00,Scheduled service,True
M00308,V003,2025-08-22T00:00:00+07:00,2025-08-24T00:00:00+07:00,Scheduled service,True
M00405,V004,2025-05-06T00:00:00+07:00,2025-05-08T00:00:00+07:00,Scheduled service,True
M00408,V004,2025-08-06T00:00:00+07:00,2025-08-08T00:00:00+07:00,Scheduled service,True
M00505,V005,2025-05-13T00:00:00+07:00,2025-05-15T00:00:00+07:00,Scheduled service,True
M00508,V005,2025-08-13T00:00:00+07:00,2025-08-15T00:00:00+07:00,Scheduled service,True
M00605,V006,2025-05-20T00:00:00+07:00,2025-05-22T00:00:00+07:00,Scheduled service,True
M00608,V006,2025-08-20T00:00:00+07:00,2025-08-22T00:00:00+07:00,Scheduled service,True
M00705,V007,2025-05-04T00:00:00+07:00,2025-05-06T00:00:00+07:00,Scheduled service,True
M00708,V007,2025-08-04T00:00:00+07:00,2025-08-06T00:00:00+07:00,Scheduled service,True
M00805,V008,2025-05-11T00:00:00+07:00,2025-05-13T00:00:00+07:00,Scheduled service,True
M00808,V008,2025-08-11T00:00:00+07:00,2025-08-13T00:00:00+07:00,Scheduled service,True
M00905,V009,2025-05-18T00:00:00+07:00,2025-05-20T00:00:00+07:00,Scheduled service,True
M00908,V009,2025-08-18T00:00:00+07:00,2025-08-20T00:00:00+07:00,Scheduled service,True
M01005,V010,2025-05-02T00:00:00+07:00,2025-05-04T00:00:00+07:00,Scheduled service,True
M01008,V010,2025-08-02T00:00:00+07:00,2025-08-04T00:00:00+07:00,Scheduled service,True
M01105,V011,2025-05-09T00:00:00+07:00,2025-05-11T00:00:00+07:00,Scheduled service,True
M01108,V011,2025-08-09T00:00:00+07:00,2025-08-11T00:00:00+07:00,Scheduled service,True
M01205,V012,2025-05-16T00:00:00+07:00,2025-05-18T00:00:00+07:00,Scheduled service,True
M01208,V012,2025-08-16T00:00:00+07:00,2025-08-18T00:00:00+07:00,Scheduled service,True
M01305,V013,2025-05-23T00:00:00+07:00,2025-05-25T00:00:00+07:00,Scheduled service,True
M01308,V013,2025-08-23T00:00:00+07:00,2025-08-25T00:00:00+07:00,Scheduled service,True
M01405,V014,2025-05-07T00:00:00+07:00,2025-05-09T00:00:00+07:00,Scheduled service,True
M01408,V014,2025-08-07T00:00:00+07:00,2025-08-09T00:00:00+07:00,Scheduled service,True
M01505,V015,2025-05-14T00:00:00+07:00,2025-05-16T00:00:00+07:00,Scheduled service,True
M01508,V015,2025-08-14T00:00:00+07:00,2025-08-16T00:00:00+07:00,Scheduled service,True
M01605,V016,2025-05-21T00:00:00+07:00,2025-05-23T00:00:00+07:00,Scheduled service,True
M01608,V016,2025-08-21T00:00:00+07:00,2025-08-23T00:00:00+07:00,Scheduled service,True
M01705,V017,2025-05-05T00:00:00+07:00,2025-05-07T00:00:00+07:00,Scheduled service,True
M01708,V017,2025-08-05T00:00:00+07:00,2025-08-07T00:00:00+07:00,Scheduled service,True
M01805,V018,2025-05-12T00:00:00+07:00,2025-05-14T00:00:00+07:00,Scheduled service,True
M01808,V018,2025-08-12T00:00:00+07:00,2025-08-14T00:00:00+07:00,Scheduled service,True
M01905,V019,2025-05-19T00:00:00+07:00,2025-05-21T00:00:00+07:00,Scheduled service,True
M01908,V019,2025-08-19T00:00:00+07:00,2025-08-21T00:00:00+07:00,Scheduled service,True
M02005,V020,2025-05-03T00:00:00+07:00,2025-05-05T00:00:00+07:00,Scheduled service,True
M02008,V020,2025-08-03T00:00:00+07:00,2025-08-05T00:00:00+07:00,Scheduled service,True
M02105,V021,2025-05-10T00:00:00+07:00,2025-05-12T00:00:00+07:00,Scheduled service,True
M02108,V021,2025-08-10T00:00:00+07:00,2025-08-12T00:00:00+07:00,Scheduled service,True
M02205,V022,2025-05-17T00:00:00+07:00,2025-05-19T00:00:00+07:00,Scheduled service,True
M02208,V022,2025-08-17T00:00:00+07:00,2025-08-19T00:00:00+07:00,Scheduled service,True
M02305,V023,2025-05-01T00:00:00+07:00,2025-05-03T00:00:00+07:00,Scheduled service,True
M02308,V023,2025-08-01T00:00:00+07:00,2025-08-03T00:00:00+07:00,Scheduled service,True
M02405,V024,2025-05-08T00:00:00+07:00,2025-05-10T00:00:00+07:00,Scheduled service,True
M02408,V024,2025-08-08T00:00:00+07:00,2025-08-10T00:00:00+07:00,Scheduled service,True
M02505,V025,2025-05-15T00:00:00+07:00,2025-05-17T00:00:00+07:00,Scheduled service,True
M02508,V025,2025-08-15T00:00:00+07:00,2025-08-17T00:00:00+07:00,Scheduled service,True
M02605,V026,2025-05-22T00:00:00+07:00,2025-05-24T00:00:00+07:00,Scheduled service,True
M02608,V026,2025-08-22T00:00:00+07:00,2025-08-24T00:00:00+07:00,Scheduled service,True
M02705,V027,2025-05-06T00:00:00+07:00,2025-05-08T00:00:00+07:00,Scheduled service,True
M02708,V027,2025-08-06T00:00:00+07:00,2025-08-08T00:00:00+07:00,Scheduled service,True
M02805,V028,2025-05-13T00:00:00+07:00,2025-05-15T00:00:00+07:00,Scheduled service,True
M02808,V028,2025-08-13T00:00:00+07:00,2025-08-15T00:00:00+07:00,Scheduled service,True
M02905,V029,2025-05-20T00:00:00+07:00,2025-05-22T00:00:00+07:00,Scheduled service,True
M02908,V029,2025-08-20T00:00:00+07:00,2025-08-22T00:00:00+07:00,Scheduled service,True
M03005,V030,2025-05-04T00:00:00+07:00,2025-05-06T00:00:00+07:00,Scheduled service,True
M03008,V030,2025-08-04T00:00:00+07:00,2025-08-06T00:00:00+07:00,Scheduled service,True
M03105,V031,2025-05-11T00:00:00+07:00,2025-05-13T00:00:00+07:00,Scheduled service,True
M03108,V031,2025-08-11T00:00:00+07:00,2025-08-13T00:00:00+07:00,Scheduled service,True
M03205,V032,2025-05-18T00:00:00+07:00,2025-05-20T00:00:00+07:00,Scheduled service,True
M03208,V032,2025-08-18T00:00:00+07:00,2025-08-20T00:00:00+07:00,Scheduled service,True
M03305,V033,2025-05-02T00:00:00+07:00,2025-05-04T00:00:00+07:00,Scheduled service,True
M03308,V033,2025-08-02T00:00:00+07:00,2025-08-04T00:00:00+07:00,Scheduled service,True
M03405,V034,2025-05-09T00:00:00+07:00,2025-05-11T00:00:00+07:00,Scheduled service,True
M03408,V034,2025-08-09T00:00:00+07:00,2025-08-11T00:00:00+07:00,Scheduled service,True
M03505,V035,2025-05-16T00:00:00+07:00,2025-05-18T00:00:00+07:00,Scheduled service,True
M03508,V035,2025-08-16T00:00:00+07:00,2025-08-18T00:00:00+07:00,Scheduled service,True
M03605,V036,2025-05-23T00:00:00+07:00,2025-05-25T00:00:00+07:00,Scheduled service,True
M03608,V036,2025-08-23T00:00:00+07:00,2025-08-25T00:00:00+07:00,Scheduled service,True
M03705,V037,2025-05-07T00:00:00+07:00,2025-05-09T00:00:00+07:00,Scheduled service,True
M03708,V037,2025-08-07T00:00:00+07:00,2025-08-09T00:00:00+07:00,Scheduled service,True
M03805,V038,2025-05-14T00:00:00+07:00,2025-05-16T00:00:00+07:00,Scheduled service,True
M03808,V038,2025-08-14T00:00:00+07:00,2025-08-16T00:00:00+07:00,Scheduled service,True
M03905,V039,2025-05-21T00:00:00+07:00,2025-05-23T00:00:00+07:00,Scheduled service,True
M03908,V039,2025-08-21T00:00:00+07:00,2025-08-23T00:00:00+07:00,Scheduled service,True
M04005,V040,2025-05-05T00:00:00+07:00,2025-05-07T00:00:00+07:00,Scheduled service,True
M04008,V040,2025-08-05T00:00:00+07:00,2025-08-07T00:00:00+07:00,Scheduled service,True
M04105,V041,2025-05-12T00:00:00+07:00,2025-05-14T00:00:00+07:00,Scheduled service,True
M04108,V041,2025-08-12T00:00:00+07:00,2025-08-14T00:00:00+07:00,Scheduled service,True
M04205,V042,2025-05-19T00:00:00+07:00,2025-05-21T00:00:00+07:00,Scheduled service,True
M04208,V042,2025-08-19T00:00:00+07:00,2025-08-21T00:00:00+07:00,Scheduled service,True
M04305,V043,2025-05-03T00:00:00+07:00,2025-05-05T00:00:00+07:00,Scheduled service,True
M04308,V043,2025-08-03T00:00:00+07:00,2025-08-05T00:00:00+07:00,Scheduled service,True
M04405,V044,2025-05-10T00:00:00+07:00,2025-05-12T00:00:00+07:00,Scheduled service,True
M04408,V044,2025-08-10T00:00:00+07:00,2025-08-12T00:00:00+07:00,Scheduled service,True
M04505,V045,2025-05-17T00:00:00+07:00,2025-05-19T00:00:00+07:00,Scheduled service,True
M04508,V045,2025-08-17T00:00:00+07:00,2025-08-19T00:00:00+07:00,Scheduled service,True
M04605,V046,2025-05-01T00:00:00+07:00,2025-05-03T00:00:00+07:00,Scheduled service,True
M04608,V046,2025-08-01T00:00:00+07:00,2025-08-03T00:00:00+07:00,Scheduled service,True
