vehicle_id,vehicle_label,model_code,operation_type,home_hub_id,fuel_type,commissioned_date,is_synthetic
V001,รถจำลอง-001,NPR,LINEHAUL,H_UBP,Diesel,2024-01-01,True
V002,รถจำลอง-002,NPR,LINEHAUL,H_UBP,Diesel,2024-01-01,True
V003,รถจำลอง-003,NPR,LINEHAUL,H_UBP,Diesel,2024-01-01,True
V004,รถจำลอง-004,NPR,LINEHAUL,H_UBP,Diesel,2024-01-01,True
V005,รถจำลอง-005,NPR,LINEHAUL,H_UBP,Diesel,2024-01-01,True
V006,รถจำลอง-006,NPR,LINEHAUL,H_UBP,Diesel,2024-01-01,True
V007,รถจำลอง-007,NPR,LINEHAUL,H_UBP,Diesel,2024-01-01,True
V008,รถจำลอง-008,NPR,LINEHAUL,H_UBP,Diesel,2024-01-01,True
V009,รถจำลอง-009,NPR,LINEHAUL,H_UBP,Diesel,2024-01-01,True
V010,รถจำลอง-010,NPR,LINEHAUL,H_UBP,Diesel,2024-01-01,True
V011,รถจำลอง-011,NPR,LINEHAUL,H_UBP,Diesel,2024-01-01,True
V012,รถจำลอง-012,NPR,LINEHAUL,H_UBP,Diesel,2024-01-01,True
V013,รถจำลอง-013,FTR,LINEHAUL,H_UBP,Diesel,2024-01-01,True
V014,รถจำลอง-014,FTR,LINEHAUL,H_UBP,Diesel,2024-01-01,True
V015,รถจำลอง-015,FTR,LINEHAUL,H_UBP,Diesel,2024-01-01,True
V016,รถจำลอง-016,FTR,LINEHAUL,H_UBP,Diesel,2024-01-01,True
V017,รถจำลอง-017,FTR,LINEHAUL,H_UBP,Diesel,2024-01-01,True
V018,รถจำลอง-018,FTR,LINEHAUL,H_UBP,Diesel,2024-01-01,True
V019,รถจำลอง-019,FTR,LINEHAUL,H_UBP,Diesel,2024-01-01,True
V020,รถจำลอง-020,FTR,LINEHAUL,H_UBP,Diesel,2024-01-01,True
V021,รถจำลอง-021,FTR,LINEHAUL,H_UBP,Diesel,2024-01-01,True
V022,รถจำลอง-022,FTR,LINEHAUL,H_UBP,Diesel,2024-01-01,True
V023,รถจำลอง-023,FTR,LINEHAUL,H_UBP,Diesel,2024-01-01,True
V024,รถจำลอง-024,FTR,LINEHAUL,H_UBP,Diesel,2024-01-01,True
V025,รถจำลอง-025,NLR,LAST_MILE,H_CNX,Diesel,2024-01-01,True
V026,รถจำลอง-026,NLR,LAST_MILE,H_CNX,Diesel,2024-01-01,True
V027,รถจำลอง-027,NLR,LAST_MILE,H_CNX,Diesel,2024-01-01,True
V028,รถจำลอง-028,NLR,LAST_MILE,H_CNX,Diesel,2024-01-01,True
V029,รถจำลอง-029,NLR,LAST_MILE,H_BKK,Diesel,2024-01-01,True
V030,รถจำลอง-030,NLR,LAST_MILE,H_BKK,Diesel,2024-01-01,True
V031,รถจำลอง-031,NLR,LAST_MILE,H_KKC,Diesel,2024-01-01,True
V032,รถจำลอง-032,NLR,LAST_MILE,H_KKC,Diesel,2024-01-01,True
V033,รถจำลอง-033,NLR,LAST_MILE,H_KSN,Diesel,2024-01-01,True
V034,รถจำลอง-034,NLR,LAST_MILE,H_KSN,Diesel,2024-01-01,True
V035,รถจำลอง-035,NLR,LAST_MILE,H_SSK,Diesel,2024-01-01,True
V036,รถจำลอง-036,NLR,LAST_MILE,H_SSK,Diesel,2024-01-01,True
V037,รถจำลอง-037,NLR,LAST_MILE,H_NMA,Diesel,2024-01-01,True
V038,รถจำลอง-038,NLR,LAST_MILE,H_NMA,Diesel,2024-01-01,True
V039,รถจำลอง-039,NLR,LAST_MILE,H_UTH,Diesel,2024-01-01,True
V040,รถจำลอง-040,NLR,LAST_MILE,H_UTH,Diesel,2024-01-01,True
V041,รถจำลอง-041,NLR,LAST_MILE,H_RET,Diesel,2024-01-01,True
V042,รถจำลอง-042,NLR,LAST_MILE,H_RET,Diesel,2024-01-01,True
V043,รถจำลอง-043,NLR,LAST_MILE,H_LPT,Diesel,2024-01-01,True
V044,รถจำลอง-044,NLR,LAST_MILE,H_LPT,Diesel,2024-01-01,True
V045,รถจำลอง-045,NLR,LAST_MILE,H_RYG,Diesel,2024-01-01,True
V046,รถจำลอง-046,NLR,LAST_MILE,H_RYG,Diesel,2024-01-01,True
